Features,Importance
Wet Bulb Temperature,0.272134230253208
Wind Speed 24h Rolling,0.26084436987099385
Total Rain,0.4670213998757982
