Features,Importance
Temp Difference,0.7666528146737399
Total Rain,0.09901258604029751
Month,0.13433459928596259
